username,userid,profile_location,created_at,text,retweet_count,source,coordinates
PressandtheCity,27095331,East Harlem,2023-01-21 23:15:28+00:00,Seeing all these technical job layoff posts is absolutely heartbreaking. One woman had been with Google 23 years. Ugh!,0,Twitter for iPhone,
Vaibhav Mallya,33788564,Brooklyn,2023-01-21 22:53:00+00:00,"@polotek @willigula Very confused. Here's situation I (+others) were in a while back:

A) Senior eng lead
B) No dan‚Ä¶ https://t.co/zPSVRHWvjg",0,Twitter Web App,
Jason Schreier,126819958,New York,2023-01-21 22:29:57+00:00,The first public statement from 343 Industries since this week‚Äôs big layoff is a denial of rumors suggesting that t‚Ä¶ https://t.co/FhIG5RwHuA,88,Twitter for iPhone,
Drew,381943486,NYC,2023-01-21 22:24:34+00:00,The 2 best teams in the Regular Season - will the layoff help or hurt vs 2 teams playing their best football‚Ä¶ https://t.co/x4IFCyOVQ0,0,Twitter Web App,
National Mortgage News,28361130,New York,2023-01-21 22:19:10+00:00,The layoff impacting several departments is expected to produce a $100 million reduction in annual operating expens‚Ä¶ https://t.co/POyIPNMyyg,0,SocialFlow,
Warren Sirota,17931117,"Brooklyn, NY",2023-01-21 21:13:15+00:00,"@GergelyOrosz Being laid off in a mass layoff sucks, but it‚Äôs the best way to be laid off - it won‚Äôt be held agains‚Ä¶ https://t.co/bupgdSxCYf",0,Twitter for iPhone,
Michael Olenick,447095489,"New York, NY",2023-01-21 21:10:17+00:00,@Kantrowitz Are there any interesting initiatives Pichai has overseen? ChatGPT threatens search which is larded up‚Ä¶ https://t.co/bb1A9FxWc3,0,Twitter for iPad,
nicardo,15964887,Jamaica,2023-01-21 21:06:28+00:00,@Arush4682Al @ColinCowherd It's entitlement for you to expect that these players and their coaches will consider no‚Ä¶ https://t.co/bbsRgZvr0U,0,Twitter Web App,
anna borges,234837526,"new york, new york",2023-01-21 17:55:51+00:00,my favorite thing about mass layoff weeks on twitter is seeing companies helpfully sharing their open roles as thou‚Ä¶ https://t.co/VHsKt4TSsa,1,Twitter for iPhone,
Doc,248894349,West New York,2023-01-21 16:25:11+00:00,@spectatorindex Not sure if people know but big companies usually go through a layoff to get rid of high paid worke‚Ä¶ https://t.co/cXppuF6Rhq,0,Twitter for Android,
Gonzalo Iglesias,1477461406844919811,"New York, NY",2023-01-21 16:18:00+00:00,"‚ÄúMy guess is, given [Google‚Äôs layoff] number, it could cover all kinds of people in different job categories, so th‚Ä¶ https://t.co/GnKkI0mhJt",0,Twitter for iPhone,
Beta Tester Broken,1225942612894457856,"Brooklyn, NY",2023-01-21 15:19:18+00:00,@D3MBY Halo is an absolute failure and it is not one of the most played games on xbox. I cant believe ppl are still‚Ä¶ https://t.co/XgQnfJZSkS,0,Twitter for Android,
NBC New York,15864446,"New York, NY",2023-01-21 15:00:11+00:00,Laid-off employees across the tech sector enter an uncertain job market ‚Äî here‚Äôs what their now-previous employers‚Ä¶ https://t.co/x7FGAoweL1,0,SocialFlow,
Professor James,931650749997768704,NYC,2023-01-21 14:39:45+00:00,@IGN hoping these laid off find jobs. never thought Google would ever layoff this many people given how much money they make.,0,Twitter for iPhone,
Sol TV,1471451512958119939,"Brooklyn, New York",2023-01-21 14:20:02+00:00,How long you grieve a layoff isn't a race! Don't let the internet fool you - there's no magical timeline for gettin‚Ä¶ https://t.co/mhyX3eFx1f,0,Twitter Web App,
Sol TV,1471451512958119939,"Brooklyn, New York",2023-01-21 14:18:10+00:00,Take a break from social media after a layoff- you deserve the space to be with your feelings &amp; there is no timelin‚Ä¶ https://t.co/l6ZNyCGAE0,0,Twitter Web App,
Kate Smith,561441123,"New York, USA",2023-01-21 14:05:55+00:00,My time line is half layoff announcements and half news on terrible state legislation. It‚Äôs bleak.,3,Twitter for iPhone,
@holingpoon@drupal.community,44035105,New York,2023-01-21 14:00:40+00:00,@sigje I'm so sorry. I was in a layoff back in 2009 where I remained at workplace but my friend didn't. My version‚Ä¶ https://t.co/a4HJd8fewD,0,Twitter for Android,
Alfie,86678333,"New York, NY",2023-01-21 13:38:35+00:00,"This is such a weird twist in the part of process that was purely ignored and gamed away üò≥

https://t.co/EiDLoMfFrC",0,Twitter for iPhone,
Dan Queiroz,26822414,"Brooklyn, NY",2023-01-21 12:33:12+00:00,@iank7201 @HSajwanization @EvaFoxU @elonmusk Not brainwashed and neither in support of google layoffs. But twitter‚Ä¶ https://t.co/8LuaXDsjoY,0,Twitter for iPhone,
Tech Times,1923729505,NYC,2023-01-21 10:10:00+00:00,"Former employees flock to social media after the layoffs.
https://t.co/AWICKJVcoo",0,TweetDeck,
Tech Times,1923729505,NYC,2023-01-21 08:50:30+00:00,"Here's what CEO Sundar Pichai said in his latest memo.
https://t.co/3ZdGEfRE4C",0,TweetDeck,
Hassan Maynard,11808502,"New York, USA",2023-01-21 06:01:00+00:00,"Google cuts 12,000 jobs, the largest layoff in the company‚Äôs history https://t.co/AxPq2hBwAW",0,Autofeed 4.0,
-abk-,43971936,"New York, USA",2023-01-21 05:55:41+00:00,@firasd Amazon layoff was mostly either entire teams engaged in moonshot initiatives or laid off L4s with low tenure.,0,Twitter for iPhone,
"Still Signing ""What the fuck"" On My Checks",14189338,New York City,2023-01-21 03:50:59+00:00,I heard they mainly cut recruiters and real estate management experts. I bet with the numbers involved this is all‚Ä¶ https://t.co/S1EdT6VjXK,0,Twitter for iPhone,
Forbes,91478624,"New York, NY",2023-01-21 03:40:04+00:00,How To Effectively Announce Your Layoff On LinkedIn https://t.co/meRZOqiJC8 https://t.co/zrkpZEz7jG,3,SocialFlow,
Forbes,91478624,"New York, NY",2023-01-21 03:35:04+00:00,How To Attract And Retain Talent When Big Techs And Fintechs Layoff Staff https://t.co/DKygSRyNEg https://t.co/Vhd9nQdG3k,2,SocialFlow,
DChav,1090437337274875905,"Brooklyn, NY",2023-01-21 03:12:13+00:00,Damn it‚Äôs layoff szn still. Let‚Äôs hope my company raises $$$$$$$$$,0,Twitter for iPhone,
Ben Ho,20693110,New York,2023-01-21 02:59:58+00:00,@arindube I think you‚Äôd want a triple diff though. Number or layoff stories / layoff / number of non layoff stories‚Ä¶ https://t.co/28QEPAmfRi,0,Twitter for iPhone,
Nozlee Samadzadeh,823207,New York City,2023-01-21 02:23:34+00:00,"@alex_kirshner sucks that it's happening at all, but it absolutely rules to see you continuing to support your old‚Ä¶ https://t.co/41OeGz0G0g",0,Twitter for iPhone,
Yahoo Finance,19546277,"New York, NY",2023-01-21 02:01:20+00:00,While some big names on Wall Street are handing out pink slips to employees they hired in the investment banking bo‚Ä¶ https://t.co/ErZe34jyjd,7,SocialFlow,
datboimayce,1002989443739987972,"Brooklyn, NY",2023-01-21 02:01:03+00:00,everywhere you look layoff after layoff im looking over my shoulder real bad omg,0,Twitter for iPhone,
Insider Business,20562637,"New York, NY",2023-01-21 01:42:07+00:00,An internal Google layoff document says the company is still hiring for a 'very limited number of critical roles.'‚Ä¶ https://t.co/x7M3cgQQ90,0,Business Insider Login,
BizToc News,86720236,,2023-01-21 01:24:15+00:00,"Here are the layoff severance packages Google, Microsoft, Amazon and other tech giants have promised #sundarpichai‚Ä¶ https://t.co/H2mmm7EZvv",0,BizToc,
LSPüåªüåäüíáüèΩ‚Äç‚ôÄÔ∏è,18122474,"New York, USA",2023-01-21 01:12:43+00:00,#Layoff news is brutal. I feel for the people affected. I also feel for the people who will be expected to pick up‚Ä¶ https://t.co/vCOQ1DaZfM,0,Twitter for iPhone,
Observer,15738599,New York City,2023-01-21 00:56:34+00:00,"Google and other big tech firms have paused filing new PERM applications, dealing a blow to foreign-born tech worke‚Ä¶ https://t.co/RICoCprsrQ",1,SocialFlow,
Observer,15738599,New York City,2023-01-21 00:31:42+00:00,"Google is the latest big tech company to announce major layoffs. It will eliminate 12,000 jobs, or 6% of its global‚Ä¶ https://t.co/Feb9NevD1r",0,SocialFlow,
MarketWatch,624413,"New York, NY",2023-01-21 00:28:46+00:00,"2023 is on pace to surpass 2022 for global tech job cuts, with 154 tech companies laying off employees in the first‚Ä¶ https://t.co/IOCjIPiz6m",4,SocialFlow,
Lux ‚ÄúAsk Me About Self-Managed Abortion‚Äù Alptraum,717363,New York,2023-01-20 23:39:17+00:00,"The other fucked up thing about that layoff ‚Äî which again, was when I was working with kids, at a non-profit that w‚Ä¶ https://t.co/mEGNSsff3j",0,Twitter Web App,
rachel,24034702,brooklyn ,2023-01-20 23:06:54+00:00,"in the midst of all the firing and hiring news at google, there‚Äôs also this: they‚Äôre potentially screwing even curr‚Ä¶ https://t.co/3ssUTGG9bG",19,Twitter for iPhone,
Kris Patel,2164634358,"New York, NY",2023-01-20 23:03:38+00:00,"@debarghya_das $META needs to layoff another 7000, $AMZN 5000, $MSFT is fine and $GOOG 44.5%",0,Twitter Web App,
Observer,15738599,New York City,2023-01-20 22:59:51+00:00,"Google and other big tech firms have paused filing new PERM applications, dealing a blow to foreign-born tech worke‚Ä¶ https://t.co/JmJFcw7XGb",2,SocialFlow,
Emily Egan,27872208,New York,2023-01-20 22:53:16+00:00,"I‚Äôve been laid off 3 times, my Vox layoff was absolutely the worst for me emotionally, and I am sending so much lov‚Ä¶ https://t.co/LusNCrdXZw",0,Twitter for iPhone,
Divenfire,1590521471872507906,New York,2023-01-20 22:49:09+00:00,@amandafclark @CloudAtlas_47 @POTUS @JoeBiden @KamalaHarris @VP @WhiteHouse @PressSec Well it is called his policy‚Ä¶ https://t.co/feDqSoYlcm,0,Twitter for Android,
Sissi Cao,75361899,"New York, New York",2023-01-20 22:36:04+00:00,"#Google has paused new green card applications amid its massive #layoffs, leaving foreign employees facing an expir‚Ä¶ https://t.co/8xKvXpHPbk",19,Twitter Web App,
Tech Times,1923729505,NYC,2023-01-20 22:10:00+00:00,"Former employees flock to social media after the layoffs.
https://t.co/AWICKJVcoo",0,TweetDeck,
NBC New York,15864446,"New York, NY",2023-01-20 22:00:10+00:00,Laid-off employees across the tech sector enter an uncertain job market. Here‚Äôs what their previous employers have‚Ä¶ https://t.co/eeeBJWCINW,0,SocialFlow,
Efosa,62053789,"Manhattan, NY",2023-01-20 21:45:19+00:00,It‚Äôs only fair that layoff compensation be tax exempt,0,Twitter for iPhone,
Sarah Jenks,2518715960,Brooklyn,2023-01-20 21:22:12+00:00,Debt ceiling debt ceiling debt ceiling layoff layoff layoff recession recession recession. But who bought park place.,0,Twitter for iPhone,
Alissa Wilkinson,787169,New York City,2023-01-20 21:21:00+00:00,"I‚Äôve not yet been technically subject to a layoff in my career, but that‚Äôs in part because a lot of my employment h‚Ä¶ https://t.co/3CUAlbUq65",0,Twitter for iPhone,
PCMag,15066271,"New York, NY",2023-01-20 21:15:06+00:00,"An intimate gathering of some 50 people convened for live music the night before Microsoft announced 10,000 job cut‚Ä¶ https://t.co/wQYhP9MCbK",6,True Anthem,
Katherine Champagne,19096158,"New York, NY",2023-01-20 21:14:35+00:00,"Microsoft Held Sting Show for Execs Day Before Layoff Announcement

just a reminder they don‚Äôt care about you üòä so‚Ä¶ https://t.co/sBXEw0aR1d",1,Twitter for iPhone,
shrey g,2606418888,"New York, NY",2023-01-20 21:13:53+00:00,how hard is it to layoff people with some semblance of dignity,0,Twitter for iPhone,
CT jones,1856056741,New York City,2023-01-20 21:13:41+00:00,"Every layoff, I remember being 19 and leaving class to see writers I looked up to worrying about paying rent. It ma‚Ä¶ https://t.co/3F6sLi8mr6",35,Twitter Web App,
Alex Barnes üá∫üá∏,18117001,"New York, NY",2023-01-20 21:12:24+00:00,@Fawalken @eade_bengard @readDanwrite The layoff notice was sent to personal emails.,0,Twitter for Android,
throws(¬Ø\_(„ÉÑ)_/¬Ø),1398731700537004033,"DUMBO, NY",2023-01-20 21:06:23+00:00,@memeatball @WallStCynic You believe a 5% layoff at Google makes it similar to the tech bubble in terms of outlook?,0,Twitter for iPhone,
MyWanderingToothBrush,1232209794553057281,New York,2023-01-20 21:03:04+00:00,"@POTUS 10,000 microsoft employees during their layoff..Now Google is laying off 12,000 employees.  https://t.co/h2SnffMrOs",0,Twitter Web App,
Gadget Tendency,4891686892,New York,2023-01-20 21:00:01+00:00,"The biggest layoff in Google history. The company will lay off 12,000¬†people https://t.co/OCYYBf7y2n https://t.co/SmxFI15Fzr",0,Jetpack.com,
uche.,1445475898833076224,"New York, NY",2023-01-20 20:50:32+00:00,They‚Äôre also laying off more people than they need because it‚Äôs better to over layoff than to do it twice. Doing it‚Ä¶ https://t.co/IuDvWLS0GF,0,Twitter for iPhone,
n0limit__quinn,973255055536283649,NYC ,2023-01-20 20:33:40+00:00,‚ÄúNow he layoff Lenny‚Äù üò≠üò≠üò≠üò≠üò≠üò≠üò≠üò≠üò≠üò≠üò≠ https://t.co/hSKmBg08Jq,0,Twitter for iPhone,
Kanak Raj Sarangpani,36413949,Greater NYC,2023-01-20 20:30:50+00:00,@GergelyOrosz Wonder how much of these tech layoffs were inspired by @elonmusk layoff action in Twitter. Insiders i‚Ä¶ https://t.co/LWfponXx9w,0,Twitter for Android,
Stacey Grant,332409110,"New York, NY",2023-01-20 20:27:37+00:00,Impossible not to have PTSD every single time there's a mass layoff in digital media.,0,Twitter Web App,
Your Favorite Tech Recruiter,264817491,New York City ,2023-01-20 20:26:51+00:00,"Useful reframe for a layoff:

Reallocation of your skills.",0,Twitter Web App,
uche.,1445475898833076224,"New York, NY",2023-01-20 20:09:56+00:00,@peterjohn @thechrisroberts @readDanwrite Idk what to say to that but if you think getting an email about a layoff‚Ä¶ https://t.co/vsnSyD9wEo,0,Twitter for iPhone,
Shannon Liao,342891180,"New York, NY",2023-01-20 20:02:22+00:00,Going to be on Twitter Spaces in an hour to talk this week's layoff news with @JacobWolf. Feel free to send in ques‚Ä¶ https://t.co/cWiNK0PNBv,1,Twitter Web App,
Paul Allen,1599194352630304769,Manhattan,2023-01-20 20:00:15+00:00,She Goldman on my sach until I layoff,0,Twitter Web App,
Shelton Boyd-Griffith,467542396,"Brooklyn, NY",2023-01-20 19:58:51+00:00,Sending love to all my fellow journos effected by this Vox layoff! ü´∂üèæ,1,Twitter for iPhone,
Brian Sozzi,104257356,"New York, USA",2023-01-20 19:35:39+00:00,"Tech Layoff Tracker

Amazon: 18,000
Google: 12,000
Microsoft: 10,000
Salesforce: 8,000
Wayfair: 1,750",7,Twitter for iPhone,
je suis la jeune fille,190051627,Brooklyn,2023-01-20 19:25:13+00:00,"When the layoff email came to us in 2018, it was truly awful. Talented and hard working friends and colleagues were‚Ä¶ https://t.co/wrdXzjPKff",0,Twitter for iPhone,
uche.,1445475898833076224,"New York, NY",2023-01-20 19:16:12+00:00,"@katee_bo_batee @SocgenJerome @suddenlygarmo @anniemal @readDanwrite From my survivals, I‚Äôve seen it in both ways.‚Ä¶ https://t.co/SKcIhCc4PN",0,Twitter for iPhone,
Eric Rachlin,14484214,"Brooklyn, New York",2023-01-20 19:10:28+00:00,"This is what you get when you‚Äôre a 25-year-old tech company that‚Äôs never done layoffs.

At my new startup, we layof‚Ä¶ https://t.co/sRrlkHYhc3",0,Twitter Web App,
Matt Wurst ‚òÑÔ∏è,18146448,"New York, USA",2023-01-20 19:08:00+00:00,"Lots of downsizing and layoff news out there. In attempt to focus on the positive‚Ä¶ who‚Äôs #hiring, #building,‚Ä¶ https://t.co/JJD9GwBsql",1,Twitter for iPhone,
Cosmopolitan,23482952,"New York, NY",2023-01-20 19:05:46+00:00,Well‚Ä¶at least you can TikTok your layoff now. We check in with the unluckily axed workers who posted through it abo‚Ä¶ https://t.co/l3wAsILYOq,0,SocialFlow,
Laurie Parise,1457826203528798211,"New York, NY",2023-01-20 19:03:53+00:00,Microsoft joined the layoff parade. Did it really have to? https://t.co/jmLiQoNeOE,0,IFTTT,
Sara Guaglione,1390102177,New York,2023-01-20 18:57:42+00:00,"Is every Friday a layoff announcement day now? üíî

Solidarity with my media comrades in arms ‚úä I'm here if you want‚Ä¶ https://t.co/00twxcR3em",4,Twitter Web App,
Lizzie O'Leary,51462013,new york,2023-01-20 18:52:59+00:00,"no such thing as a good layoff, but letting someone on maternity leave go is particularly brutal.",11,Twitter Web App,
Tryin' to put me kids through collage,1380517651156504584,"New York, USA",2023-01-20 18:52:23+00:00,@StockMKTNewz Standard layoff numbers,0,Twitter for iPhone,
Carlton,2250668580,"New York, USA",2023-01-20 18:50:45+00:00,"Millions of Layoff, Can't you read ot listen to the News???? https://t.co/xV5iAKVDRv",0,Twitter Web App,
Robert Gibbons,3231804466,"Brooklyn, NY",2023-01-20 18:42:12+00:00,"Maybe tech layoffs are their way of saying:
""Since oil barons failed to spark #recession ahead of midterms via Puti‚Ä¶ https://t.co/6Qp5us1Jk5",0,Twitter Web App,
Ariana Smith,958081707080605698,"New York, NY",2023-01-20 18:37:57+00:00,"100%, and this is how my 3-person family is currently on 3 different health insurance plans post-layoff as we tried‚Ä¶ https://t.co/3wxHqWwfUb",1,Twitter Web App,
bettina,163206327,brooklyn,2023-01-20 18:14:14+00:00,"i hate that i can compare media layoff strategies to the extent that i now can but yeah ""if you're getting laid off‚Ä¶ https://t.co/vP0IROVC4l",14,Twitter Web App,
Jamroxk,28155647,"New York, New York",2023-01-20 18:13:27+00:00,Here are the layoff severance packages Google and other tech giants have promised @CNBC https://t.co/aZVsoYLc9r,0,Twitter for iPhone,
Nico 'Union Hottie' Avalle | she/her,731136409,"Brooklyn, NY",2023-01-20 18:10:20+00:00,horrified by the layoff news today and returning to this perpetually relevant @megreenwell article. dreaming of an‚Ä¶ https://t.co/906ArlG3IB,0,Twitter Web App,
DUDU_DUDU,1484962713147224067,"New York, USA",2023-01-20 18:04:02+00:00,@ProblemSniper layoff = bullish in this market,0,Twitter Web App,
Haley Sprankle,154326899,"Brooklyn, NY",2023-01-20 18:00:46+00:00,something reaaaaaal dystopian about seeing fiverr ads mixed in with layoff tweets,0,Twitter Web App,
IvyShark,2351511557,"New York, USA",2023-01-20 17:51:23+00:00,"SaycheeseDGTL: Google is laying off 12,000 people, the largest in company history. This is the 7th big tech layoff.‚Ä¶ https://t.co/hWYlAo2kVP",0,IFTTT,
Jos√© L. Rodr√≠guez,14670350,"New York, NY",2023-01-20 17:49:35+00:00,@Breakingviews I feel different about the layoff news from tech companies. They seem to be laying off workers hired‚Ä¶ https://t.co/9QAEJ4A3rt,0,TweetDeck,
Francesca Manto,2187667004,LA / NYC,2023-01-20 17:45:09+00:00,"During my time at Vox, there was never one ""effectively communicated"" layoff. Vox is a great place to work because‚Ä¶ https://t.co/W9plbvxs2q",3,Twitter Web App,
Krishna Gaurav,96184457,New York City,2023-01-20 17:42:51+00:00,"@ADODonoghue yes, i am blaming layoff news to have caused this.",0,Twitter Web App,
Investor News,1134049078424162304,"New York, NY",2023-01-20 17:41:21+00:00,"Here are the layoff severance packages Google, Microsoft, Amazon and other tech giants have promised $CRM $AMZN‚Ä¶ https://t.co/oJjIcS7Uye",0,Newsfilter.io,
James Rogers,106779916,"New York, NY",2023-01-20 17:37:55+00:00,"More than 55,000 global tech workers laid off in the first few weeks of 2023, says layoff tracking site @Layoffsfyi‚Ä¶ https://t.co/yI2yol1MkA",23,Twitter Web App,
Kierkregards,1566553810113273858,New York City,2023-01-20 17:29:03+00:00,"@readDanwrite ""don't be evil""
*Models layoff after Logan's Run",0,Twitter Web App,
Poppin‚Äô Pussay Wig Frontal‚Äôs by Payola,736277947,"Brooklyn, NY",2023-01-20 17:27:26+00:00,I logged into LinkedIn and all i see is post about ppl being LAYOFF or AVAIL FOR WORK!!! These are scary times and eggs are $7,1,Twitter Web App,
throws(¬Ø\_(„ÉÑ)_/¬Ø),1398731700537004033,"DUMBO, NY",2023-01-20 17:11:02+00:00,@SwingTraderCO @WallStCynic Your assumptions about economy are beside the point being made about tech stocks rallyi‚Ä¶ https://t.co/72rNiaxfFz,0,Twitter for iPhone,
Bridget Read,309747601,Brooklyn,2023-01-20 16:59:59+00:00,the new york magazine union stands in solidarity with our colleagues @vox_union and reiterates that a 15 minute war‚Ä¶ https://t.co/16jLi1pz6B,35,Twitter Web App,
MarketWatch,624413,"New York, NY",2023-01-20 16:49:15+00:00,"55,000 global tech-sector employees have lost jobs in 2023: layoff-data tracker https://t.co/HphKTw50Ld",6,MarketWatch,
MarketWatch,624413,"New York, NY",2023-01-20 16:47:44+00:00,"More than 55,000 global tech workers laid off in the first few weeks of 2023, says layoff tracking site https://t.co/hoPhC64pWp",5,SocialFlow,
CEO of Baddies,1326273211,"Brooklyn, NY",2023-01-20 16:43:38+00:00,We‚Äôre discussing the tech layoff situation in the @baddiesintech Discord server and just‚Ä¶ü§¶üèæ‚Äç‚ôÄÔ∏è,0,Twitter for iPhone,
Daniel Roberts,22589449,New York,2023-01-20 16:40:16+00:00,"there are Google people calling this ""fake news"" because layoff emails were sent around 7am. I didn't say otherwise‚Ä¶ https://t.co/E4h12nb3oj",247,Twitter Web App,
Forbes,91478624,"New York, NY",2023-01-20 16:20:07+00:00,How To Effectively Announce Your Layoff On LinkedIn https://t.co/yudZchkaAu https://t.co/FHzjbiZKw9,9,SocialFlow,
Connor Lillis,171998715,"New York, NY",2023-01-20 16:18:24+00:00,"pEoPlE dOnT wAnNa WoRk, also largest employers in the US:

Google - 12k layoff vs. $13.9b in 2022 profits
Amazon -‚Ä¶ https://t.co/Vw43kUoQoy",358,Twitter Web App,
Forbes,91478624,"New York, NY",2023-01-20 16:15:05+00:00,How To Attract And Retain Talent When Big Techs And Fintechs Layoff Staff https://t.co/pNLSnAJWAE https://t.co/v0FRPRVZMN,3,SocialFlow,
Sherlocks Niece,36242521,"New York, NY",2023-01-20 16:11:08+00:00,"Google with the 12k person layoff. Scary. 12,000 is a LOT of people.",0,Twitter for iPhone,
Tech Times,1923729505,NYC,2023-01-20 16:10:30+00:00,"Former employees flock to social media after the layoffs.
https://t.co/AWICKJVcoo",0,TweetDeck,
Dan Rosenbaum,15585942,NYC,2023-01-20 16:06:28+00:00,"@robpegoraro If you're going to make a cruel game out of it, they should have put the layoff list on some obscure s‚Ä¶ https://t.co/QHEN2oC5PO",0,Twitter Web App,
Mariya Koseki,905693556290969600,"New York, NY ‚áÜ Tokyo, JP",2023-01-20 16:05:17+00:00,This layoff trend is still on this year:( I know how it affects mentally. sending state of peace to everyone in tech.,0,Twitter for iPhone,
TheNumber9,1277270746574749696,"New York, USA",2023-01-20 16:03:28+00:00,"@charliekirk11 That depends on what Mr.Biden thinks about the ""Economy."" However, The Time this company layoff, its‚Ä¶ https://t.co/5HDkqFaAOk",0,Twitter Web App,
Light Reading,29982353,"New York, NY",2023-01-20 16:02:56+00:00,The FWA specialist's latest layoff will reduce its workforce by about 24%. Starry has also axed a stock agreement p‚Ä¶ https://t.co/jaXsjFp1CA,0,Hootsuite Inc.,
101_TBE,1554614668358045697,ground zero,2023-01-20 15:56:20+00:00,more #layoffs #layoff #layoff2023 https://t.co/2X1xh5eapY,0,Twitter Web App,
Reyhan Harmanci,16303076,NYC,2023-01-20 15:41:40+00:00,Layoff funny games https://t.co/L1QlnhhScq,0,Twitter Web App,
James,323024295,NYC,2023-01-20 15:29:07+00:00,@ChrisHarihar I‚Äôm noodling a comic idea where ChatGPT is traumatized from writing so many mass layoff notes.,0,Twitter for iPhone,
Joshua Hartley,31284776,"New York, NY",2023-01-20 15:24:59+00:00,@munster_gene This should be your first tweet: every layoff from established companies still has them over their pr‚Ä¶ https://t.co/JK2U96eVF5,1,Twitter for iPhone,
Joe Weisenthal,14096763,New York City,2023-01-20 15:18:49+00:00,"This was a really interesting interview.

Important to remember, with all of these tech layoff headlines, that layo‚Ä¶ https://t.co/ibM3KA0N4L",11,TweetDeck,
Bob Elliott,1499109588674793476,"New York, NY",2023-01-20 15:15:59+00:00,The focus on tech layoff announcements provides a poor narrative of what is going on in the labor market.  The labo‚Ä¶ https://t.co/ITi22oz1Of,8,Twitter Web App,
Bob Elliott,1499109588674793476,"New York, NY",2023-01-20 15:15:51+00:00,"Before getting into the particulars of this labor segment, important to recognize even 50k layoffs is pretty tiny i‚Ä¶ https://t.co/xXQNmqEpWp",4,Twitter Web App,
JIMüëé,25886749,Brooklyn,2023-01-20 15:13:41+00:00,It's weird to see all these layoff announcements and weekly jobless claims are still steady around 200k https://t.co/QwQEJWrC80,0,Twitter for Android,
RayBeckerman,15774048,New York NY (Forest Hills) USA,2023-01-20 15:08:01+00:00,Communications Workers of America Responds to Microsoft Layoff Announcement ~ commondreams https://t.co/L4GlciC849,0,SocialOomph,
Observer,15738599,New York City,2023-01-20 15:07:00+00:00,"Like its big tech peers, Google admitted it over-hired during the pandemic. https://t.co/46slLiIUmZ",0,SocialFlow,
"Elinphant, L.L.C.",774000453629710337,"New York, NY",2023-01-20 14:51:27+00:00,#Compliance won‚Äôt be cut when #crypto exchange #Coinbase lays off 950 #workers: #WallStreetJournal. Coinbase just s‚Ä¶ https://t.co/VdQA7LaN93,0,Buffer,
HaiKhuu,1126039146898837505,"New York, USA",2023-01-20 14:50:53+00:00,$GOOG $GOOGL up 4.5% on news of its largest-ever layoff https://t.co/uO0XcVZfqs,0,Twitter Web App,
Tech Times,1923729505,NYC,2023-01-20 14:50:00+00:00,"Here's what CEO Sundar Pichai said in his latest memo.
https://t.co/3ZdGEfRE4C",0,TweetDeck,
Elin Cherry,238299920,"New York, NY",2023-01-20 14:43:15+00:00,#Compliance won‚Äôt be affected by the #layoffs of 950 workers at #crypto exchange #Coinbase: #WallStreetJournal. Coi‚Ä¶ https://t.co/XCj9SpPv1S,1,Buffer,
Eric Wallerstein,1239317158527668226,"New York, NY",2023-01-20 14:33:55+00:00,"Wayfair $W popped 10% after announcing layoffs: 1,750 workers, or 10% of its staff. 

@WSJmarkets:‚Ä¶ https://t.co/uwyhcjGMQe",3,TweetDeck,
Adam Kurland,1312842083594633217,"Jersey City, NJ",2023-01-20 14:28:22+00:00,@pkedrosky One problem with a lot of these headline layoff #'s is they don't give any real context.  Not just layof‚Ä¶ https://t.co/raiytjkMEO,0,Twitter Web App,
Dr. Bishoy M. Faltas,3064578617,"Manhattan, NY",2023-01-20 14:19:27+00:00,Layoff Tracker: Layoffs strike 119 companies in 2022 https://t.co/MhzHASymOE,0,Twitter for iPhone,
Narrative Capital üîÑ,1412562933947699203,NYC,2023-01-20 14:07:53+00:00,"$BBBY rallied on bankruptcy news 

$APPL $GOOGL $MSFT is now rallying on layoff news üòÜ

Just imagine how higher sto‚Ä¶ https://t.co/oETdRa3qXD",1,Twitter for iPhone,
Asset-Backed Alert,322774716,"Hoboken, NJ",2023-01-20 14:02:18+00:00,"LendingClub‚Äôs Kay Caught In Layoff Wave
#Securitization
https://t.co/OSqotbD38E",0,TweetDeck,
Chris Harihar,156830317,"New York, USA",2023-01-20 13:59:05+00:00,You know it‚Äôs bad when PR people aren‚Äôt even crafting original reactive layoff statements. They‚Äôre just copying and‚Ä¶ https://t.co/RNW9HDIacQ,0,Twitter for iPhone,
Stocktwits,14886375,"New York, NY",2023-01-20 13:53:27+00:00,"Google to layoff 12,000 üëÄ https://t.co/aqZUMwIgZs https://t.co/16w3QnyCMU",12,Twitter for iPhone,
GeekLifeMike,320790461,"Queens, NYC",2023-01-20 13:39:08+00:00,"I‚Äôll say again, to anyone who is a victim of a sudden layoff, much love and light to you, I‚Äôm confident you‚Äôll find‚Ä¶ https://t.co/PfuR32PlwT",0,Twitter for iPhone,
JC Ramirez,39628605,"New York, NY",2023-01-20 13:23:09+00:00,"After reading the Giantbomb layoff news and how these conglomerates have mismanaged this website's pool of talent,‚Ä¶ https://t.co/FeJCNJ3CMR",0,Twitter for Android,
JC Ramirez,39628605,"New York, NY",2023-01-20 13:21:19+00:00,"@getfandomgaming @getFANDOM @FandomWikis 

Yeah sure, layoff the one full-time woman on the staff that brings enter‚Ä¶ https://t.co/i2LOtow4EE",0,Twitter for Android,
Alerts,3394563047,"New York, USA",2023-01-20 13:15:36+00:00,"BREAKING: Google $GOOGL to layoff 12,000 employees",0,Twitter for iPhone,
Spicy Boi‚Ñ¢Ô∏èüßÉ,601493738,nyc ,2023-01-20 13:04:02+00:00,@___as_a_jew___ Feel like a layoff of that magnitude would make greater rounds,0,Twitter for iPhone,
Guru Pundit,727973356914495489,New York USA,2023-01-20 12:59:16+00:00,"When a bubble bursts in the tech industry, can any1 hear it? 
#google #layoffs #MicrosoftLayOff #googlelayoffs‚Ä¶ https://t.co/RuVhoDys74",0,Twitter for iPhone,
Siyu Li,15592917,"New York, NY",2023-01-20 12:59:04+00:00,"Google finally joined ""10k+ layoff club"" today, stock up 3%+ pre-market.

$META, 11k, Nov22
$AMZN, 18k, Jan23
$MSFT‚Ä¶ https://t.co/Vjyccl26KP",0,Twitter Web App,
Professor $SPX,1446517487676399626,"New York, USA",2023-01-20 12:52:47+00:00,$googl flying pre market after announcing major layoff https://t.co/3yR8iPyyQv,0,Twitter for iPhone,
Trapped in Twitverse,1494839226898296837,"New York, USA",2023-01-20 12:27:36+00:00,@BenBSP Market is celebrating layoffs and cost cutting big time. Google up on layoff news.,0,Twitter for iPhone,
Alan Meaney,366688214,"Manhattan, NY",2023-01-20 12:27:12+00:00,I hope the SEC is taking a close look at these big tech layoff announcements for suspicious trading. Layoff = stock‚Ä¶ https://t.co/elT83uJ439,0,Twitter for Android,
Boardroom Alpha,1042058485435965447,New York,2023-01-20 12:12:40+00:00,"add $GOOG to the layoff bloodbath. 12k jobs cut. stock up 3% 

""Over the past two years we‚Äôve seen periods of drama‚Ä¶ https://t.co/o9GlX0dZEp",0,Twitter Web App,
Michael Gogel,20732836,"Manhattan, NY",2023-01-20 11:51:18+00:00,"The layoffs continue. Google to layoff 12,000 employees - the most ever.",0,Twitter for iPhone,
SELF MADE OPINION,1142415607704489984,"New York, NY",2023-01-20 11:24:07+00:00,"5. HP - 6000 employees
6. IBM - 1000 employees
7. Meta - 11000 employees
8. Snapchat - 1200 employees
9. Salesforce‚Ä¶ https://t.co/0Li04JhMhz",0,Twitter for Android,
Kathy Jones,2840691561,New York,2023-01-20 11:21:22+00:00,"Friday: Markets quiet with equity futures slightly higher, bond yields edging up and dollar about unchanged. Oil an‚Ä¶ https://t.co/0I1dRw81kI",4,Twitter Web App,
Inc.,16896485,New York City,2023-01-20 02:47:51+00:00,"Who are you without your job? If you've been laid off, start by asking yourself this question. @MindaZetlin https://t.co/1tQGsvDlT3",0,SocialFlow,
Jaz Wick,576560629,"Brooklyn, NY",2023-01-20 01:24:49+00:00,Stop posting ‚Äúunaffected by layoff‚Äù posts on LinkedIn. I really don‚Äôt see how y‚Äôall don‚Äôt see how weird that is lol.,3,Twitter for iPhone,
FORTUNE,25053299,New York,2023-01-19 23:49:03+00:00,"Goldman Sachs cut 3,200 employees last week, its largest layoff since the 2008 financial crisis. https://t.co/iMWWmH1hTc",2,SocialFlow,
Brooklyn's Own Casual Gamer üá©üá¥ü™ñüóΩ,21519371,"Brooklyn, NY",2023-01-19 23:24:31+00:00,"@JayBari_ Lol, you are bored. Fanboys are weaponizing the MS layoff to drive their narrative. Some of you act like‚Ä¶ https://t.co/GgM592Z5Gf",0,Twitter for iPhone,
Daniel Jones QB1,319186266,üóΩ,2023-01-19 23:22:05+00:00,@MrGee54 don‚Äôt forget the layoffs‚Ä¶they layoff thousands of people to maintain good quarterly statements. We need to fight back as a society,1,Twitter for iPhone,
Stephen Totilo,33191389,"Brooklyn, NY",2023-01-19 21:05:06+00:00,"Mobile gaming company Playtika is trying to buy Rovio (Angry Birds) for $746 million 

They made a lower bid in Nov‚Ä¶ https://t.co/F96OiUsNK5",2,Twitter Web App,
David Aragona,494739765,"Jersey City, NJ",2023-01-19 20:56:32+00:00,I'm on #5 Red D G P in the AQU finale. That race here last week felt like a prep that probably benefited him. He ha‚Ä¶ https://t.co/L7hUL4FPB2,0,Twitter Web App,
Danny Konstantinovic,293839843,NYC,2023-01-19 19:53:21+00:00,"You're wrong to think that's because it's a ""niche"". What's happened here will happen across digital media‚Äîand alre‚Ä¶ https://t.co/augQZCxaIe",0,Twitter Web App,
101_TBE,1554614668358045697,ground zero,2023-01-19 19:44:00+00:00,üëÄ more #layoffs #layoff https://t.co/JVg6FrsUmA,0,Twitter Web App,
MediaPost,14687193,"New York, NY",2023-01-19 19:43:05+00:00,The Long-Term Silver Lining Of Tech Company Layoffs https://t.co/cguDfOjB3Q,0,MediaPost,
Erik Schreiber,1104045001321926656,"Jersey City, NJ",2023-01-19 19:40:25+00:00,"Microsoft, Meta, and HP are among many companies that will cut thousands of jobs each. Workers must fight not only‚Ä¶ https://t.co/L57v1OHNQS",0,Twitter for iPhone,
TheStreet,15281391,"New York, NY",2023-01-19 18:00:05+00:00,"While the intimate concert sounds nice, the timing of the event could come off and insensitive
https://t.co/S55oVjXUdU",0,SocialFlow,
uh ponk,15392618,New York City,2023-01-19 17:53:00+00:00,@annabroges did the layoff come with a sizeable severance? if not they can't be enforced.,0,Twitter Web App,
Jack Kelly,18739385,"New York, NY",2023-01-19 17:52:36+00:00,"A hiring freeze is not as disruptive as a layoff

By only delaying hiring, it shows that the company is upbeat abou‚Ä¶ https://t.co/hAARDOtEXY",0,Twitter Web App,
Fortune 500,1511442678432501762,New York,2023-01-19 17:48:46+00:00,"Its Goldman Sachs' largest layoff since the 2008 financial crisis.

The 3,200 employees that Goldman laid off last‚Ä¶ https://t.co/SmikBnwjim",0,Twitter Web App,
Inc.,16896485,New York City,2023-01-19 16:59:52+00:00,"Who are you without your job? If you've been laid off, start by asking yourself this question. @MindaZetlin https://t.co/7BAGh4QaaU",1,SocialFlow,
Gillinghammer,37986434,"New York, USA",2023-01-19 16:50:55+00:00,"broken:

When our economy tanks, companies are forced to layoff employees 

Politicians however barely flinch + hav‚Ä¶ https://t.co/qtXNXsxFPU",0,Twitter for iPhone,
Jack Kelly,18739385,"New York, NY",2023-01-19 16:21:23+00:00,"How To Bounce Back From A Lay Off  

Get in touch w. recruiters who specialize in your space

Don‚Äôt ever give up ho‚Ä¶ https://t.co/6hsud9nJiO",0,Twitter Web App,
Tanmay Rauth,1612058712344244225,"New York, United States",2023-01-19 16:11:27+00:00,"@tuhinnn_py I see.. thanks for the info üôå
I hope that number later on doesn't turn out to be 10k üòÖ

Though the no i‚Ä¶ https://t.co/y8XUcZJDIE",0,Twitter Web App,
Reyhan Harmanci,16303076,NYC,2023-01-19 16:07:08+00:00,"Honestly, you should check out all of the layoff package from @BW, there's alot to say about the ins and outs of th‚Ä¶ https://t.co/hFbO2cAmGY",1,Twitter Web App,
Tanmay Rauth,1612058712344244225,"New York, United States",2023-01-19 15:34:20+00:00,"@tuhinnn_py Google is already planning to layoff 10k based on performance. 
Please don't jinx Apple ü•≤",0,Twitter for Android,
TheStreet,15281391,"New York, NY",2023-01-19 15:00:13+00:00,"CEO Satya Nadella says it's 'showtime' for Microsoft as the software giant announces the elimination of 10,000 jobs
https://t.co/VWhsER1tc6",1,SocialFlow,
Jeremy M. Goldberg,2699076644,"New York, NY",2023-01-19 14:58:44+00:00,A lot of great people &amp; talented people were impacted yesterday by the Microsoft news. I've had the pleasure to wor‚Ä¶ https://t.co/MXMWgZjYZo,0,Twitter Web App,
Carl Quintanilla,114782468,nyc ,2023-01-19 13:20:09+00:00,"WELLS: Despite layoff announcements, ""the Manhattan labor market remains tight,"" as job listings continue ""to outwe‚Ä¶ https://t.co/ubSx50ZJoh",12,TweetDeck,
Emily Stewart,110564722,"New York, NY",2023-01-19 12:32:45+00:00,"If a whisper of a layoff is the thing that goes bump in the night, tons of news stories about thousands of people a‚Ä¶ https://t.co/1os6cDQAn5",16,Twitter Web App,
Tech Times,1923729505,NYC,2023-01-19 11:10:00+00:00,"Over 18,000 employees will be terminated.
https://t.co/7a8kP0bzW0",0,TweetDeck,
Fausto Enrique Abreu,26047939,"New York, NY",2023-01-19 10:15:03+00:00,"Microsoft is laying off 10,000 employees https://t.co/NgXp9CDn2w https://t.co/hWAht2mKQK",0,dlvr.it,
Yuliya Falkovich,2276985766,NYC,2023-01-19 05:56:14+00:00,@joelgrus @GergelyOrosz Majorly of the mark. Investment banks have a baked in layoff policy. It‚Äôs a common occurren‚Ä¶ https://t.co/9lWVltdiAa,0,Twitter for iPhone,
Gary DelPonte,85620067,New York City,2023-01-19 04:09:49+00:00,#Obsolete Museum Piece Microsoft üíæReleases Email It Sent to Employees After Massive Layoff Announcement üëÄ https://t.co/RBTvjbzY1w,0,Twitter for iPhone,
@nitya@fosstodon.org,759720,"New York, USA",2023-01-19 01:00:43+00:00,Been offline intentionally today because I wanted to keep my head clear for all the work that needs to get done. Bu‚Ä¶ https://t.co/dKgpLwEEVs,1,Twitter Web App,
mike wu,3143869671,"Manhattan, NY",2023-01-19 00:55:14+00:00,Reflecting the mass layoff announcements by the two tech giants. https://t.co/EKCcCVKBkq,0,Twitter for iPhone,
megan üåø,1438731155612782593,new york city,2023-01-19 00:21:36+00:00,"it‚Äôs always so heartbreaking hearing about layoffs. the sudden change of events is gut-wrenching.

anyone who has g‚Ä¶ https://t.co/3n5KuuHzAj",8,Twitter for iPhone,
Ultimate Top News,799621495228170240,"New York, NY",2023-01-18 23:51:27+00:00,Amazon‚Äôs mass layoffs hit digital comic service Comixology - Polygon https://t.co/supOtE5tZz https://t.co/cmbYugUJbK,0,dlvr.it,
Forbes,91478624,"New York, NY",2023-01-18 22:35:04+00:00,How To Effectively Announce Your Layoff On LinkedIn https://t.co/DQODRYjbwP https://t.co/EQOr64MAcc,6,SocialFlow,
EK,1432711296324153354,brooklyn,2023-01-18 22:23:06+00:00,i need a nap and a hug. the act of having to pretend everything is business per usual after 18k people got laid off‚Ä¶ https://t.co/9uLfj2b2mo,0,Twitter for iPhone,
ProReborn,983285005,"New York, USA",2023-01-18 21:58:26+00:00,"@THUMP3R_ Layoff 28k people, buy out Activision for $80 billion. 

Corporate america.",0,Twitter for iPhone,
DaWhiteBrotha,16217315,"Harlem, NY",2023-01-18 21:43:56+00:00,@LordsGamingNet I hope they layoff that snickerdoodle. She is by far the most useless person at that company. And a‚Ä¶ https://t.co/sSnzQgwboo,0,Twitter for Android,
Matthew Maddox,18754692,New York,2023-01-18 21:42:22+00:00,"If you are facing a possible layoff, it is important to take action to protect your rights. You may be able to file‚Ä¶ https://t.co/6OWQPVgc26",0,Twitter Web App,
‚¨ÜÔ∏è‚¨ÜÔ∏è‚¨áÔ∏è‚¨áÔ∏è‚¨ÖÔ∏è‚û°Ô∏è‚¨ÖÔ∏è‚û°Ô∏èBASTART,885399130696273920,"New York, USA",2023-01-18 21:34:21+00:00,"Xbox Hit by Layoffs on Anniversary of Activision Blizzard Announcement

Amidst news of a mass layoff of 10,000 peop‚Ä¶ https://t.co/f6Thm1AHAx",0,IFTTT,
RayBeckerman,15774048,New York NY (Forest Hills) USA,2023-01-18 21:24:37+00:00,Workers Must Take Twitter Layoff Claims To Arbitration https://t.co/w934gARynS,0,Twitter Web App,
Michael Olenick,447095489,"New York, NY",2023-01-18 21:24:32+00:00,@BullandBaird I'd try convincing my tri-lingual HS senior daughter to go this route if the fees weren't so high. Sh‚Ä¶ https://t.co/gbDOdJSu4r,0,Twitter Web App,
TheStreet,15281391,"New York, NY",2023-01-18 19:54:16+00:00,"CEO Satya Nadella says it's 'showtime' for Microsoft as the software giant announces the elimination of 10,000 jobs
https://t.co/Qb4tBk3jlx",5,SocialFlow,
FORTUNE,25053299,New York,2023-01-18 19:52:06+00:00,"Goldman Sachs cut 3,200 employees last week, its largest layoff since the 2008 financial crisis. https://t.co/tKq6t4783q",7,SocialFlow,
Emelia Seles,1099371246360453121,"New York, NY",2023-01-18 19:40:07+00:00,"Beige book: Labor hoarding‚è©Ô∏è, price sensitivityüÜô, corporate profit margin compression‚¨áÔ∏è, inflationüÜí, layoffüÜó üü∞soft‚Ä¶ https://t.co/7FmRt3ST4o",0,Twitter for iPhone,
Jusüåπ,1349707376191012866,Brooklyn,2023-01-18 19:37:51+00:00,@tomwarren Why would they layoff Bethesda devs? Jesus christ Microsoft.,0,Twitter for iPhone,
‚ô°SUN'SHIYNE‚ô°,17453284,NYCüóΩ,2023-01-18 19:27:59+00:00,"Microsoft to layoff 10,000 employees by March https://t.co/u2y8FFCjXk",0,Twitter for iPhone,
John Palicka CFA CMT,589393085,"New York, NY",2023-01-18 19:27:08+00:00,"IT and Wall Street have more in common: They hire at the top and layoff at the bottom‚Ä¶

Expense accounts follow: cl‚Ä¶ https://t.co/RfybGN9dMB",0,Twitter for iPhone,
Insider Business,20562637,"New York, NY",2023-01-18 19:05:50+00:00,"As Amazon conducts its largest layoff, Amazon's HR boss sent an email to employees urging 'support and care' for th‚Ä¶ https://t.co/7UmesAzoSC",2,Business Insider Login,
National Mortgage News,28361130,New York,2023-01-18 19:05:11+00:00,The layoff impacting several departments is expected to produce a $100 million reduction in annual operating expens‚Ä¶ https://t.co/FR85qwzvrM,0,SocialFlow,
Omeyn,1622144870,"New York, USA",2023-01-18 18:48:33+00:00,"@thePretzelJones @WOOLLEY_GAMER I'm not saying one layoff is better than the other, they're both extremely bad, I w‚Ä¶ https://t.co/yutEfCoBxk",0,Twitter Web App,
The Shortcut,1408752680151961600,"New York, NY",2023-01-18 18:33:30+00:00,"Microsoft announces 10,000 job cuts in latest big tech layoff üòî https://t.co/QZd71SdST7 https://t.co/aRhNRsgpS6",1,Twitter Web App,
Bloomberg TV,35002876,New York,2023-01-18 18:16:41+00:00,"Amazon and Microsoft both announced layoff plans, the latest Big Tech companies to do so as worries around a possib‚Ä¶ https://t.co/Gu3NzwAgfh",18,SocialFlow,
Erica,1224570774,"Brooklyn, NY",2023-01-18 17:49:00+00:00,Yooo this mass layoff at my job is something elseeee boyyy,0,Twitter for iPhone,
mcbc üá∫üá∏üóΩ,15936802,"New York, NY",2023-01-18 17:30:25+00:00,"Oh honey no.

One thing you will NOT do is quote Rent while talking about Activision and while Microsoft is about l‚Ä¶ https://t.co/TjPxK6ZQMt",0,Twitter Web App,
Dominic,432726108,NYC,2023-01-18 17:12:07+00:00,Wrong he is.  Breadth was strong even yesterday w/ a weak DJIA.  Sell off has nothing to do w/ Fed speak.  Banks ac‚Ä¶ https://t.co/DbyU6jqEuH,0,Twitter Web App,
The Daily Beast,16012783,"New York, NY",2023-01-18 17:02:06+00:00,"The company said it plans to hire ‚Äúin strategic areas,‚Äù focusing on artificial intelligence. https://t.co/jT1fYgpj79",2,SocialFlow,
Billionaireclubcollc.com,980467278385958912,"New York, USA",2023-01-18 16:58:03+00:00,"Microsoft Slashes Workforce After Denying Layoff Plans, Narrows Focus In Response To Macro Pressures: ‚ÄòIt‚Äôs Showtim‚Ä¶ https://t.co/YIRSd8S5ZW",0,Twitter Web App,
One News Page,18405895,"New York, USA",2023-01-18 16:50:11+00:00,Microsoft just announced a massive layoff: https://t.co/ccogLoICp9,0,One News Page,
jackie szymanski,1060702536,Los Angeles/New York,2023-01-18 16:47:12+00:00,"@KatrinaKibben If companies are going to layoff thousands of employees to up investor profits, who do they think wi‚Ä¶ https://t.co/lS2wRz61eZ",0,Twitter Web App,
Insider Business,20562637,"New York, NY",2023-01-18 16:46:12+00:00,Read the emails Amazon's HR and retail bosses sent to employees as its largest layoff in company history starts https://t.co/z5FzdQ3gL2,2,Business Insider Login,
Mike Futter,3552991,"New York, USA",2023-01-18 16:38:15+00:00,"My thoughts are with friends and colleagues at Microsoft and Unity. We're in the layoff bad times now, and it reall‚Ä¶ https://t.co/MHjnys5Ter",3,Twitter Web App,
Jason Schreier,126819958,New York,2023-01-18 16:36:01+00:00,"Microsoft is laying off 10,000 people today, including in its gaming divisions such as Xbox and Bethesda. This mass‚Ä¶ https://t.co/Wrcp5v2vMH",1740,Twitter Web App,
Stocktwits,14886375,"New York, NY",2023-01-18 15:57:05+00:00,$MSFT stock down 1% on layoff news https://t.co/3nQzy9YxgI https://t.co/OIFjHM8mjp,1,Twitter Web App,
Yahoo Finance,19546277,"New York, NY",2023-01-18 15:54:11+00:00,"‚ÄúWe‚Äôve had a deficit, especially of technical workers and coders, in the industry for the last several years,‚Äù‚Ä¶ https://t.co/syhBk4lBMZ",6,Twitter Media Studio - LiveCut,
Ty,513663188,"New York, NY",2023-01-18 14:39:13+00:00,Another tech layoff üò¨,0,Twitter for iPhone,
Tech Times,1923729505,NYC,2023-01-18 14:20:30+00:00,"Over 18,000 employees will be terminated.
https://t.co/7a8kP0bzW0",0,TweetDeck,
Proof of Talent,1130835127188242434,"New York, NY",2023-01-18 13:54:55+00:00,"""@crypto_bobby told Cointelegraph that technical and engineering roles are by the most in-demand jobs, even during‚Ä¶ https://t.co/8wZgKUxigx",2,Twitter Web App,
Jeff Schvey,159563225,"Manhattan, NY",2023-01-18 13:13:38+00:00,"Summarizing the week for #Microsoft so far

Mon 1/16 - Update to ‚ÄúUnlimited PTO‚Äù, which has the effect of not payin‚Ä¶ https://t.co/xLlJan20Aa",1,Twitter for iPhone,
DoDo.BTC,1225734272218099714,"Manhattan, NY",2023-01-18 13:11:08+00:00,"üö® Amazon to layoff +18,000 workers

    Microsoft to layoff +11,000 workers

leading to recession and crypto market dump are happening.",0,Twitter for iPhone,
Insider Business,20562637,"New York, NY",2023-01-18 12:09:35+00:00,Anxious Twitter employees sobbed in the company's bathrooms the night Elon Musk's takeover went through as they fea‚Ä¶ https://t.co/QgCjiyrL2z,8,SocialFlow,
Billionaireclubcollc.com,980467278385958912,"New York, USA",2023-01-18 11:54:50+00:00,Twitter Staff Were Sobbing in the Bathroom Over Layoff Fears: Report https://t.co/nbC3DSYlFa  $CRM $DXY $NIO $BABA‚Ä¶ https://t.co/6DH4TTT0fC,0,Twitter Web App,
Insider Tech,3224616765,"New York, USA",2023-01-18 11:51:08+00:00,Anxious Twitter employees sobbed in the company's bathrooms the night Elon Musk's takeover went through as they fea‚Ä¶ https://t.co/Fs5gcuaxcE,5,Business Insider Login,
Cointelegraph,2207129125,"New York, New York",2023-01-18 10:45:41+00:00,"Despite a wave of heavy crypto layoffs to start the new year, employees in technical and engineering roles, as well‚Ä¶ https://t.co/z3SulezNrS",17,Publer.io,
Baruch Professionals Forum,69081746,New York,2023-01-18 09:36:34+00:00,"Microsoft could layoff 11,000 employees: Reports https://t.co/0dmmox0pHd https://t.co/q4dSxS003I",0,dlvr.it,
BizToc News,86720236,,2023-01-18 08:18:35+00:00,"More than 25,000 global tech workers laid off in the first weeks of 2023, says layoff tracking site #layoffsfyi https://t.co/hCwSVKOsL7",0,BizToc,
Hi2 Global,877976942783455233,"New York, USA",2023-01-18 05:13:58+00:00,How many turns has Microsoft cut its job? #layoff #recession2023 https://t.co/zVsKWM1yGB,0,Twitter Web App,
Meena,910685123280064512,"New York, NY",2023-01-18 04:56:18+00:00,"The $MSFT next earning call is on Jan 24th, this ( unlimited PTOs or 11k layoff) will fix it üòé https://t.co/ROMvdtO92g",0,Twitter for iPhone,
MarketWatch,624413,"New York, NY",2023-01-18 04:00:57+00:00,"Amazon said its layoffs will impact more than 18,000 employees, and Coinbase announced 950 job cuts in an attempt t‚Ä¶ https://t.co/BEYAuWv2JV",2,SocialFlow,
Timoth√©e Xu,1511343174853316609,"New York, USA",2023-01-18 02:01:11+00:00,"News: Microsoft to layoff 11,000 this week 

This leaves only Google, Uber, and Apple as the only major tech firms‚Ä¶ https://t.co/AWLNbSc8Sj",0,Twitter for iPhone,
Mark L. Pederson,16826747,"New York, NY",2023-01-18 01:48:50+00:00,@Suhail And layoff announcements. What a great time to buy stock.,0,Twitter for iPhone,
Billionaireclubcollc.com,980467278385958912,"New York, USA",2023-01-18 00:06:50+00:00,Crypto recruitment execs reveal the safest jobs amid layoff season https://t.co/BkKVKDFq2D  $CRM $DXY $NIO $BABA‚Ä¶ https://t.co/GMxVhC7XnU,0,Twitter Web App,
Belaaz News,1029780910198206464,New York City,2023-01-18 00:04:48+00:00,"üá∫üá∏ ‚Äî NEWS: Microsoft is reportedly set to layoff around 11,000 employees on Wednesday, that‚Äôs 5% of its workforce.",0,Twitter for iPhone,
Six Dimension,4870476869,New York,2023-01-18 00:04:33+00:00,Crypto recruitment execs reveal the safest jobs amid layoff season https://t.co/48DXdYw3r0 https://t.co/Zg03iMvPvs,0,dlvr.it,
Marcus Wong,42670322,North Bergen ,2023-01-18 00:02:32+00:00,@NFL_Memes More like layoff them donuts Lenny amirite,0,Twitter for iPhone,
Cointelegraph,2207129125,"New York, New York",2023-01-18 00:02:03+00:00,"According to crypto recruitment specialists, these are the safest departments and jobs amid layoff season. https://t.co/18Vc973Kp2",11,dlvr.it,
W3B Portfolio News,1541528329421000704,"New York, NY",2023-01-18 00:01:56+00:00,Crypto recruitment execs reveal the safest jobs amid layoff¬†season https://t.co/xOJdga2Iyg,0,Jetpack.com,
Debra Love-Goff,1231531307240390658,"New York, USA",2023-01-17 23:16:56+00:00,@jarvisk111 @acuzz1967 @TwuSamuelsen @BobHoldenNYC @Morning_Joe @morningmika @JoeNBC @MSNBC I was in a Union and th‚Ä¶ https://t.co/XVruBf4BgT,0,Twitter for Android,
KONY_2012,1186999561597919232,"New York, NY",2023-01-17 22:48:59+00:00,@TikTokInvestors Like do you really think the company that tries to build dorms so people don‚Äôt have to leave work‚Ä¶ https://t.co/pnlsbYwWA4,0,Twitter for iPhone,
"new year, same maxine. üá¨üá©ü•µ‚ú®",2333080109,NYC.,2023-01-17 21:57:47+00:00,the number of layoff announcements today...WOOF.,2,TweetDeck,
Global Citizen,3333890218,"New York, NY",2023-01-17 21:12:53+00:00,@elonmusk MSFT to layoff 11k employees..how many MuskTeer plan on slashing the force?,0,Twitter Web App,
James Rogers,106779916,"New York, NY",2023-01-17 21:12:46+00:00,"More than 25,000 global tech workers laid off in the first weeks of 2023, says @roger_lee's layoff tracking site‚Ä¶ https://t.co/usSJlvDKc5",0,Twitter Web App,
MarketWatch,624413,"New York, NY",2023-01-17 21:08:25+00:00,"More than 25,000 global tech workers laid off in the first weeks of 2023, says layoff tracking site https://t.co/fH36jxyIcY",11,SocialFlow,
Yuri Kruman,768612309581307904,"New York, NY",2023-01-17 19:11:19+00:00,Thrilled to be mentioned in @susanpeppercorn‚Äôs excellent HBR article on how to bounce back from a layoff. Have a re‚Ä¶ https://t.co/du1qchc7o8,0,Twitter Web App,
Dominic,432726108,NYC,2023-01-17 17:59:15+00:00,$U breaking high on layoff's and $RBLX numbers here,0,Twitter Web App,
Yahoo Finance,19546277,"New York, NY",2023-01-17 17:35:06+00:00,Bank of America CEO: No mass layoff announcements are in the cards https://t.co/7CAu9E1278 by @BrianSozzi $BAC https://t.co/Aeo5J6N1N1,2,SocialFlow,
Lauren,360670671,New York City,2023-01-17 15:42:30+00:00,@megsbroussard I was up until 2020! When it was still AT&amp;T and then I was a layoff casualty lololol still just work‚Ä¶ https://t.co/Ib4L4Gq0lh,0,Twitter for iPhone,
Jack Kelly,18739385,"New York, NY",2023-01-17 14:51:00+00:00,"A steady flow of layoff announcements targeting professionals working in tech, Wall Street, media and other sectors‚Ä¶ https://t.co/1rc3QQES6B",0,Twitter Web App,
Trisha Clay ‚òÆÔ∏è (she/her),21511308,"New York, USA",2023-01-17 12:45:08+00:00,@HallAudree Layoff? Ugh üòñ,0,Twitter for iPhone,
MGSN,1448848739356061727,"New York, USA",2023-01-17 01:21:10+00:00,"MGSN Legal
https://t.co/7ybBBTv3c1 has provided innovative coverage of the opportunities that #Entrepreneurs can fi‚Ä¶ https://t.co/rx2XlAndeM",3,Twitter for Android,
Dr. Nischay Mishra,717176945478336512,"Manhattan, NY",2023-01-16 20:46:16+00:00,"@nitishrajpute People don‚Äôt realize, a big layoff strategy of tech Giants is around OpenAi and ChatGPT. Scary time‚Ä¶ https://t.co/FX5sJXJRJG",0,Twitter for iPhone,
Forbes,91478624,"New York, NY",2023-01-16 18:00:22+00:00,How To Attract And Retain Talent When Big Techs And Fintechs Layoff Staff https://t.co/FVjejB8xAg https://t.co/uHXDJFqijs,9,SocialFlow,
Uriel,2802522272,NYC,2023-01-16 15:55:57+00:00,"@TevTalksMMA I'm on the Gane train all the way. Jon has seemingly lost some edge in his last two-three fights, figh‚Ä¶ https://t.co/V8pmtmndk7",0,Twitter for Android,
Fortune Recommends,1567669124410576897,"New York, NY",2023-01-15 18:39:28+00:00,"Some companies may offer severance packages, which can be negotiable. https://t.co/ZrQdk6CJa9",0,SocialFlow,
Loveless,1281729438703591425,"New York, NY",2023-01-15 14:49:52+00:00,@Apple &amp; @AppleMusic think they can layoff employees and raise my subscription to cover their margins. You got the wrong guy.,0,Twitter for iPhone,
Eric R,844904553594150912,"New York, USA",2023-01-15 14:41:36+00:00,A bonus bad chart comment. GP R3. Tired off layoff at level in Sept then on dirt. Back to synth last at this level‚Ä¶ https://t.co/igSB5dE5QE,0,Twitter for iPhone,
Trailer Fish,3070663272,"New York, NY",2023-01-15 08:27:31+00:00,"Greenlight, kids-focused fintech startup, lays off 104 employees to optimize expenses - TechCrunch https://t.co/nbsoge8jj7",0,IFTTT,
The Wall Street Journal,3108351,"New York, NY",2023-01-15 01:30:30+00:00,"Google has bucked the tech layoff trend so far, but as @djtgallagher explains, there‚Äôs pressure to cut costs‚Ä¶ https://t.co/3onLPyNckA",14,Twitter Media Studio,
Jaime Roth,401780648,"New York, NY",2023-01-14 22:57:47+00:00,Super proud of Astute‚Äôs effort in the Nelson J Menard Memorial Stakes @fairgroundsnola hitting the board off a 20 m‚Ä¶ https://t.co/9arZ6t235F,2,Twitter for iPhone,
Observer,15738599,New York City,2023-01-14 20:55:55+00:00,"Goldman Sachs plans to lay off up to 3,200 employees, or 7 percent of its workforce, starting this week. About a th‚Ä¶ https://t.co/J54ELcHUMs",4,SocialFlow,
National Mortgage News,28361130,New York,2023-01-14 19:49:13+00:00,The layoff impacting several departments is expected to produce a $100 million reduction in annual operating expens‚Ä¶ https://t.co/fPqkd5g7k9,0,SocialFlow,
Tanmay Rauth,1612058712344244225,"New York, United States",2023-01-14 19:02:08+00:00,"3 apps to check about current salaries, layoffs and tech news üöÄüî•

1. https://t.co/eNg6LjRKaW &amp;‚Ä¶ https://t.co/mCMN71tVA2",0,Twitter Web App,
Wendy Schoen,1943458656,"NYC, NY",2023-01-14 18:15:33+00:00,"There is beauty in #networking, having a running list of #accomplishments and an always updated #resume on hand. Se‚Ä¶ https://t.co/u3bcWx6FTW",0,LinkedIn,
Gordon Robinson,540875947,Jamaica,2023-01-14 15:02:46+00:00,R2 The two to concentrate on are#4 Inspired Miracle (fits well here)&amp;#5 BLOOD SONG (steps down for this). The forme‚Ä¶ https://t.co/pdHVtaa1jf,0,Twitter Web App,
Sam Ro üìà,239026022,"New York, NY",2023-01-14 13:19:32+00:00,"""Our tracking estimate based on December and January WARN notices is consistent with a layoff rate of around 1.1%,‚Ä¶ https://t.co/iHfxLLLfww",5,TweetDeck,
Observer,15738599,New York City,2023-01-14 12:23:21+00:00,Goldman Sachs saw massive drop in profit last year as investment banking activity slowed and asset prices fell. https://t.co/eAToQzm8yy,3,SocialFlow,
üìåNat Serrano,793634835604578304,"New York, NY",2023-01-14 05:29:27+00:00,Layoff litmus test: do I make money for the company I work for ?,0,Twitter for iPhone,
Forbes,91478624,"New York, NY",2023-01-14 04:40:07+00:00,How To Attract And Retain Talent When Big Techs And Fintechs Layoff Staff https://t.co/U0fOwGRgSa https://t.co/cG8dD5ecvX,5,SocialFlow,
Forbes,91478624,"New York, NY",2023-01-14 01:15:05+00:00,How To Effectively Announce Your Layoff On LinkedIn https://t.co/Nz7HrPkdet https://t.co/2SYZuVCo9e,7,SocialFlow,
Sean Doherty,21599322,New York City ,2023-01-14 00:39:41+00:00,@adamjmoussa can we have a martini night on my next layoff plz,0,Twitter for iPhone,
Observer,15738599,New York City,2023-01-13 23:46:31+00:00,"Micron, a major manufacturer of personal computer chips, is laying off nearly 5,000 workers and canceling 2023 bonu‚Ä¶ https://t.co/4G70CqKzcI",2,SocialFlow,
Dan Orlando,335726456,"Jersey City, NJ",2023-01-13 23:40:18+00:00,I‚Äôm at the point where I only see the benefit of playing starters *maybe* if you‚Äôre going to be the one seed and it‚Ä¶ https://t.co/DqkpLPuUEm,0,Twitter for iPhone,
Forbes,91478624,"New York, NY",2023-01-13 22:05:03+00:00,How To Attract And Retain Talent When Big Techs And Fintechs Layoff Staff https://t.co/Fdw68M4oCU https://t.co/a0ggYFrKEk,0,SocialFlow,
VanEck,432752273,New York City,2023-01-13 21:20:02+00:00,2. The unemployment rate could be at a near-term low of 3.5%. Given the slowdown in corporate earnings and increasi‚Ä¶ https://t.co/nvmvln7Ozi,0,Twitter Web App,
David S. Joachim,36510873,"New York, NY",2023-01-13 18:46:53+00:00,"""Layoff"" is a corporate euphemism meant to obscure reality and dodge accountability

Instead, call it what it is: a‚Ä¶ https://t.co/v1Ot6lxNPb",6,TweetDeck,
Jack,1408080587634655233,New York City,2023-01-13 18:36:30+00:00,"This piece I wrote is becoming more relevant each day üëÄ

How are you preparing to keep data secure in SaaS applicat‚Ä¶ https://t.co/VGPSrxjvq5",0,LinkedIn,
Cori (DemShenaniganss) ü¶ù | #TDST ‚ö°Ô∏è,546484814,New York,2023-01-13 18:26:09+00:00,@Hustle_Simmons Iirc there's a couple other decent ones who ended up with them right before the chaos started with‚Ä¶ https://t.co/A07qjom1oH,0,Twitter for Android,
Hassan Maynard,11808502,"New York, USA",2023-01-13 18:01:00+00:00,Alphabet robotics division Intrinsic hit with layoffs https://t.co/N8E88I70aj,0,Autofeed 4.0,
Max Bayer,164612043,"Brooklyn, NY",2023-01-13 17:30:47+00:00,"@FierceBiotech There was hope that the wave of layoffs that crashed in 2022 would subside this year. So far, that's‚Ä¶ https://t.co/mhLWVi5wN8",0,Twitter Web App,
Gloria Jean Schramm,971023908,New York,2023-01-13 15:25:03+00:00,"To everyone who has experienced a layoff at this time, especially from those big companies in the news, including G‚Ä¶ https://t.co/hpabV6qkd5",0,LinkedIn,
Will Livingston,1162133975793643520,"New York, NY",2023-01-13 15:22:12+00:00,Layoff reveal posted on LinkedIn &lt;3 so excited to start my journey as a linkedIn influencer ü§™ https://t.co/NXPmFzL5We,0,Twitter Web App,
JC Bahr-de Stefano,1181582553314201600,"New York City, NY",2023-01-13 15:02:10+00:00,"Same week, more crypto layoffs - @cryptocom laying off 20% of its workforce (~700 - 900 employees)

This is the sec‚Ä¶ https://t.co/sISscWH8oz",0,Twitter Web App,
Trailer Fish,3070663272,"New York, NY",2023-01-13 14:28:00+00:00,"Greenlight, kids-focused fintech startup, lays off 104 employees to optimize expenses - TechCrunch https://t.co/rTdy4OoCW4",0,IFTTT,
Rik Renard,1453384104070860803,NYC,2023-01-13 14:25:19+00:00,@gmathews71 According to Reddit a Round 3 layoff is coming as well for Cerebral https://t.co/evRTkyMAse,0,Twitter Web App,
Kevin Chen,727562282310483969,"Manhattan, NY",2023-01-13 14:22:38+00:00,@dana_marlane It‚Äôs because they overhired for the last two years.  Also did do the regular layoff for two years.  I‚Ä¶ https://t.co/OCxIiCsRtD,0,Twitter for iPhone,
Paul R. La Monica,104952689,"New York, NY",2023-01-13 14:11:55+00:00,Lots of high profile companies announcing job cuts. But the overall labor market is still strong despite the headli‚Ä¶ https://t.co/RtHUBpKClw,0,Twitter Web App,
Priam Sen,973981853110517761,"New York, NY",2023-01-13 13:54:21+00:00,Layoff News: Stitch Fix To Replace CEO And Cut 20% Of Workforce https://t.co/k6AyKJkzgO,0,IFTTT,
Hassan Maynard,11808502,"New York, USA",2023-01-13 13:37:00+00:00,Alphabet robotics division Intrinsic hit with layoffs https://t.co/N8E88I7xZR,0,Autofeed 4.0,
MGSN,1448848739356061727,"New York, USA",2023-01-13 12:34:14+00:00,"MGSN BUSINESS 
#AGRITECH:RIPE SECTOR TO DEVELOP A #STARTUP #CONSULTANCYFIRM
https://t.co/7ybBBTvB1z provides covera‚Ä¶ https://t.co/2GFtwTq2uR",0,Twitter for Android,
Trailer Fish,3070663272,"New York, NY",2023-01-13 12:30:57+00:00,"Greenlight, kids-focused fintech startup, lays off 104 employees to optimize expenses - TechCrunch https://t.co/QasIX9xTlD",0,IFTTT,
Crypto News,1348607467845005312,"New York, USA",2023-01-13 11:10:03+00:00,"#crypto #bitcoin #altcoin #NFTs #btc #eth #xrp
Singapore‚Äôs https://t.co/78MFSwDrRA to Layoff 20% Of Its Global Work‚Ä¶ https://t.co/9CCjZHWA7u",0,Crypto News!,
Hassan Maynard,11808502,"New York, USA",2023-01-13 06:01:00+00:00,Alphabet robotics division Intrinsic hit with layoffs https://t.co/N8E88I70aj,0,Autofeed 4.0,
Rico Bo$co,927600407421095937,"New York, NY",2023-01-13 04:18:05+00:00,"Keyontae Johnson commented that after his layoff even his high level of play could be considered surprising 

18.4‚Ä¶ https://t.co/6cN5kjhAyH",2,Twitter for iPhone,
JC Bahr-de Stefano,1181582553314201600,"New York City, NY",2023-01-13 03:32:00+00:00,"More fintech layoffs ‚òπÔ∏è

Kid-friendly banking services provider Greenlight laid off 104 employees, some 21% of its‚Ä¶ https://t.co/7R2z6BcuyM",0,Twitter Web App,
Rick Telberg,19028281,"New York, USA",2023-01-13 00:47:48+00:00,"Greenlight, kids-focused fintech startup, lays off 104 employees to optimize expenses: https://t.co/l6m0yE7Kdr - Gr‚Ä¶ https://t.co/jgSUS94kFD",0,dlvr.it,
David Scherman,944132083,"Upper West Side, Manhattan",2023-01-13 00:09:28+00:00,@gtconway3d Might do him some good to layoff the sweets and sugar based on his girth.,0,Twitter for iPhone,
Forbes,91478624,"New York, NY",2023-01-12 22:36:03+00:00,How To Attract And Retain Talent When Big Techs And Fintechs Layoff Staff https://t.co/IOghePtkPb https://t.co/Y3KQJErUJ8,4,SocialFlow,
FORTUNE,25053299,New York,2023-01-12 21:46:58+00:00,In the #CHRODaily newsletter: Salesforce announced it will lay off as much as 10% of its staff in the coming weeks.‚Ä¶ https://t.co/fcjURSPRZR,0,SocialFlow,
Laurie Parise,1457826203528798211,"New York, NY",2023-01-12 20:57:23+00:00,"Greenlight, kids-focused fintech startup, lays off 104 employees to optimize expenses https://t.co/bc2Relqfm2",0,IFTTT,
Books,314560827,"New York, USA",2023-01-12 19:12:01+00:00,"@Ryy_Wills @cz_binance @binance @TheBinanceNFT Yup agreed, love how @cz_binance is combating that in every way. Coi‚Ä¶ https://t.co/C9uMqAU12f",0,Twitter for iPhone,
A Sophie Wade,2175312650,"New York, NY",2023-01-12 19:03:59+00:00,Is your company preparing to #layoff people? It is hard. Here is the approach taken by a thoughtful empathetic lead‚Ä¶ https://t.co/uCcvIIOkGZ,0,Twitter for iPhone,
Ian Bach ‚òØÔ∏é,18559753,"New York, USA",2023-01-12 18:16:39+00:00,I‚Äôm a bit confused because there are layoff and hiring freezes left and right but also seem to be a lot of jobs out there. ü§î,0,Twitter for iPhone,
Laurie Parise,1457826203528798211,"New York, NY",2023-01-12 17:37:47+00:00,Career Karma‚Äôs latest layoff underscores edtech‚Äôs new challenge https://t.co/fmZWUZTIzy,0,IFTTT,
Rick Telberg,19028281,"New York, USA",2023-01-12 17:36:04+00:00,Career Karma‚Äôs latest layoff underscores edtech‚Äôs new challenge: Learning navigation platform Career Karma has laid‚Ä¶ https://t.co/y0vse0Ktbu,0,dlvr.it,
mary,1536524054651346947,nyc,2023-01-12 17:17:42+00:00,Goldman Sachs layoff giving me eerie vibes for the new year,0,Twitter for iPhone,
ilan abehassera,5747832,"New York, NY",2023-01-12 16:06:38+00:00,Exemplary layoff plan ü´∂ https://t.co/sbRO0utoZx https://t.co/zm2LKqA7My,0,Twitter Web App,
Hitendra R. Patil,296740300,"New York, USA",2023-01-12 15:10:06+00:00,U.S. Jobless Claims Edge Down: Filings for unemployment insurance remained low despite layoff announcements.‚Ä¶ https://t.co/iZKcez03hT,0,IFTTT,
Giada gagliardi,1564280870701350914,"Manhattan, NY",2023-01-12 14:58:40+00:00,@B52Malmet The nurse ratio was always abysmal in NY. As a hospital administrator that was always my biggest complai‚Ä¶ https://t.co/x0Au7thEvv,1,Twitter for iPhone,
Kathy Jones,2840691561,New York,2023-01-12 14:48:46+00:00,"@timmullaney There are plenty of layoff announcements, but they are not showing up in the claims data. It could be‚Ä¶ https://t.co/VdHsoZkZpw",0,Twitter Web App,
Rick Telberg,19028281,"New York, USA",2023-01-12 14:20:08+00:00,U.S. Jobless Claims Edge Down: Filings for unemployment insurance remained low despite layoff announcements.‚Ä¶ https://t.co/yrVMweiIjz,1,dlvr.it,
b,15691831,"New York, USA",2023-01-12 14:11:30+00:00,Nothin like surviving a 10% across the board staff layoff. Happy Thursday.,0,Twitter for iPhone,
IRIS CRM - Merchant Services & Payments CRM,2411431393,New York City,2023-01-12 13:42:33+00:00,https://t.co/9HaIDIMrLX Cuts Staff as Crypto Layoff Wave Persists https://t.co/xySwII8Wb2 https://t.co/fEXw1c2LFb,0,dlvr.it,
Billy Ball,38364283,"Brooklyn, NY",2023-01-12 13:03:51+00:00,The weather mixed with the layoff has the office feeling really somber,0,Twitter for iPhone,
JetSoftPro,1087365197700976640,"New York, NY",2023-01-12 12:24:42+00:00,"üìåIn fact, there's little evidence of widespread job cuts, despite high-profile layoff announcements from companies‚Ä¶ https://t.co/AQpRbKKm4w",0,Twitter Web App,
BizToc,64317058,Wall Street,2023-01-12 05:58:14+00:00,BlackRock Cutting Up to 500 Jobs in Mass Layoff #blackrock #larryfink #goldmansachs #robkapito ‚û°Ô∏è Now on‚Ä¶ https://t.co/0UPESZqhS9,0,BizToc.com News,
Polar Bear Cooking with Gas,938135533,"New York, NY",2023-01-12 05:44:44+00:00,@loganmurrayz Ambien sucks. Find a psychologist trained in sleep disorders and layoff the caffeine.,0,Twitter for iPhone,
Josh,1280705685131591680,NYC,2023-01-12 03:44:32+00:00,"I‚Äôm all for open and honest communication but this feels so impersonal and insincere, like corporate layoff languag‚Ä¶ https://t.co/HF3eIo7x7c",0,Twitter for iPhone,
National Mortgage News,28361130,New York,2023-01-12 00:07:27+00:00,The layoff impacting several departments is expected to produce a $100 million reduction in annual operating expens‚Ä¶ https://t.co/rLeQuLj23U,2,SocialFlow,
The Wall Street Journal,3108351,"New York, NY",2023-01-11 23:00:07+00:00,"üéß Listen: In today's episode of The Journal podcast, a recently laid-off employee explains how the experience of lo‚Ä¶ https://t.co/tqEpS6PmDc",2,SocialFlow,
Nicholas A. Pantano,1313563090127118337,"New York, USA",2023-01-11 22:32:45+00:00,"@Tcozze508 @dDA4_ @robbulous Oh I agree on looking deeper, you and I get it. But Imho, I think you‚Äôre giving the ma‚Ä¶ https://t.co/sn3eny5IZk",0,Twitter for iPhone,
David M. Smagalla,2330861017,"New York, N.Y.",2023-01-11 21:57:35+00:00,"Crypto exchange Coinbase, fresh off a $100 million settlement with a New York regulator, won‚Äôt make deep cuts to it‚Ä¶ https://t.co/W2RV4C2S9D",0,TweetDeck,
Jack Kelly,18739385,"New York, NY",2023-01-11 20:05:10+00:00,How To Effectively Announce Your Layoff On LinkedIn https://t.co/lKI6oa6LDv via @forbes,1,Twitter Web App,
Investor News,1134049078424162304,"New York, NY",2023-01-11 18:55:14+00:00,BlackRock Adds to Wall Street Layoff Tally $BLK https://t.co/YlbaT9NUbY,0,Newsfilter.io,
